{
   "milp-model-1_CBC": {
      "time": 0.008776187896728516,
      "optimal": true,
      "obj": 1,
      "sol": [
         [
            [
               2,
               1
            ],
            [
               2,
               4
            ],
            [
               3,
               5
            ],
            [
               4,
               6
            ],
            [
               6,
               1
            ]
         ],
         [
            [
               6,
               3
            ],
            [
               6,
               5
            ],
            [
               4,
               1
            ],
            [
               3,
               2
            ],
            [
               5,
               2
            ]
         ],
         [
            [
               5,
               4
            ],
            [
               1,
               3
            ],
            [
               2,
               6
            ],
            [
               1,
               5
            ],
            [
               4,
               3
            ]
         ]
      ],
      "_extras": {
         "runner": "github-action"
      }
   },
   "milp-model-2_CBC": {
      "time": 0.008618593215942383,
      "optimal": true,
      "obj": 1,
      "sol": [
         [
            [
               5,
               4
            ],
            [
               1,
               3
            ],
            [
               2,
               6
            ],
            [
               3,
               2
            ],
            [
               6,
               1
            ]
         ],
         [
            [
               6,
               3
            ],
            [
               2,
               4
            ],
            [
               4,
               1
            ],
            [
               1,
               5
            ],
            [
               5,
               2
            ]
         ],
         [
            [
               2,
               1
            ],
            [
               6,
               5
            ],
            [
               3,
               5
            ],
            [
               4,
               6
            ],
            [
               4,
               3
            ]
         ]
      ],
      "_extras": {
         "runner": "github-action"
      }
   },
   "milp-model-3_CBC": {
      "time": 0.007212638854980469,
      "optimal": true,
      "obj": 1,
      "sol": [
         [
            [
               5,
               4
            ],
            [
               2,
               4
            ],
            [
               3,
               5
            ],
            [
               3,
               2
            ],
            [
               6,
               1
            ]
         ],
         [
            [
               6,
               3
            ],
            [
               1,
               3
            ],
            [
               4,
               1
            ],
            [
               4,
               6
            ],
            [
               5,
               2
            ]
         ],
         [
            [
               2,
               1
            ],
            [
               6,
               5
            ],
            [
               2,
               6
            ],
            [
               1,
               5
            ],
            [
               4,
               3
            ]
         ]
      ],
      "_extras": {
         "runner": "github-action"
      }
   },
   "milp-model-4_CBC": {
      "time": 0.007744312286376953,
      "optimal": true,
      "obj": 1,
      "sol": [
         [
            [
               2,
               1
            ],
            [
               6,
               5
            ],
            [
               4,
               1
            ],
            [
               3,
               2
            ],
            [
               4,
               3
            ]
         ],
         [
            [
               6,
               3
            ],
            [
               2,
               4
            ],
            [
               3,
               5
            ],
            [
               1,
               5
            ],
            [
               6,
               1
            ]
         ],
         [
            [
               5,
               4
            ],
            [
               1,
               3
            ],
            [
               2,
               6
            ],
            [
               4,
               6
            ],
            [
               5,
               2
            ]
         ]
      ],
      "_extras": {
         "runner": "github-action"
      }
   },
   "milp-model-5_CBC": {
      "time": 0.0897665023803711,
      "optimal": true,
      "obj": 1,
      "sol": [
         [
            [
               1,
               4
            ],
            [
               2,
               1
            ],
            [
               4,
               3
            ],
            [
               6,
               5
            ],
            [
               6,
               3
            ]
         ],
         [
            [
               2,
               6
            ],
            [
               3,
               4
            ],
            [
               5,
               1
            ],
            [
               3,
               2
            ],
            [
               1,
               5
            ]
         ],
         [
            [
               3,
               5
            ],
            [
               5,
               6
            ],
            [
               2,
               6
            ],
            [
               4,
               1
            ],
            [
               4,
               2
            ]
         ]
      ],
      "_extras": {
         "runner": "github-action"
      }
   },
   "milp-model-6_CBC": {
      "time": 0.055806875228881836,
      "optimal": true,
      "obj": 1,
      "sol": [
         [
            [
               2,
               5
            ],
            [
               6,
               3
            ],
            [
               4,
               2
            ],
            [
               3,
               1
            ],
            [
               5,
               6
            ]
         ],
         [
            [
               3,
               6
            ],
            [
               5,
               2
            ],
            [
               1,
               6
            ],
            [
               2,
               4
            ],
            [
               4,
               1
            ]
         ],
         [
            [
               1,
               4
            ],
            [
               4,
               1
            ],
            [
               5,
               3
            ],
            [
               6,
               5
            ],
            [
               2,
               3
            ]
         ]
      ],
      "_extras": {
         "runner": "github-action"
      }
   },
   "milp-model-7_CBC": {
      "time": 0.054448843002319336,
      "optimal": true,
      "obj": 1,