{
   "milp-model-1_CBC": {
      "time": 0.05449485778808594,
      "optimal": true,
      "obj": 1,
      "sol": [
         [
            [
               2,
               1
            ],
            [
               7,
               6
            ],
            [
               3,
               5
            ],
            [
               2,
               8
            ],
            [
               4,
               8
            ],
            [
               1,
               7
            ],
            [
               5,
               4
            ]
         ],
         [
            [
               8,
               3
            ],
            [
               1,
               3
            ],
            [
               2,
               6
            ],
            [
               4,
               6
            ],
            [
               5,
               7
            ],
            [
               5,
               2
            ],
            [
               8,
               1
            ]
         ],
         [
            [
               7,
               4
            ],
            [
               2,
               4
            ],
            [
               8,
               7
            ],
            [
               1,
               5
            ],
            [
               3,
               2
            ],
            [
               6,
               8
            ],
            [
               6,
               3
            ]
         ],
         [
            [
               6,
               5
            ],
            [
               8,
               5
            ],
            [
               4,
               1
            ],
            [
               3,
               7
            ],
            [
               6,
               1
            ],
            [
               4,
               3
            ],
            [
               7,
               2
            ]
         ]
      ],
      "_extras": {
         "runner": "github-action"
      }
   },
   "milp-model-1_HiGHS": {
      "time": 0.0505061149597168,
      "optimal": true,
      "obj": 1,
      "sol": [
         [
            [
               2,
               1
            ],
            [
               7,
               6
            ],
            [
               3,
               5
            ],
            [
               4,
               6
            ],
            [
               5,
               7
            ],
            [
               4,
               3
            ],
            [
               8,
               1
            ]
         ],
         [
            [
               8,
               3
            ],
            [
               2,
               4
            ],
            [
               8,
               7
            ],
            [
               3,
               7
            ],
            [
               6,
               1
            ],
            [
               5,
               2
            ],
            [
               5,
               4
            ]
         ],
         [
            [
               7,
               4
            ],
            [
               1,
               3
            ],
            [
               2,
               6
            ],
            [
               1,
               5
            ],
            [
               4,
               8
            ],
            [
               6,
               8
            ],
            [
               7,
               2
            ]
         ],
         [
            [
               6,
               5
            ],
            [
               8,
               5
            ],
            [
               4,
               1
            ],
            [
               2,
               8
            ],
            [
               3,
               2
            ],
            [
               1,
               7
            ],
            [
               6,
               3
            ]
         ]
      ],
      "_extras": {
         "runner": "github-action"
      }
   }
}