{
   "milp-model-1_CBC": {
      "time": 0.01468348503112793,
      "optimal": true,
      "obj": 1,
      "sol": [
         [
            [
               2,
               1
            ],
            [
               8,
               3
            ],
            [
               7,
               4
            ],
            [
               6,
               5
            ]
         ],
         [
            [
               8,
               5
            ],
            [
               2,
               4
            ],
            [
               7,
               6
            ],
            [
               1,
               3
            ]
         ],
         [
            [
               4,
               1
            ],
            [
               2,
               6
            ],
            [
               3,
               5
            ],
            [
               8,
               7
            ]
         ],
         [
            [
               3,
               7
            ],
            [
               1,
               5
            ],
            [
               2,
               8
            ],
            [
               4,
               6
            ]
         ],
         [
            [
               3,
               2
            ],
            [
               5,
               7
            ],
            [
               6,
               1
            ],
            [
               4,
               8
            ]
         ],
         [
            [
               6,
               8
            ],
            [
               1,
               7
            ],
            [
               4,
               3
            ],
            [
               5,
               2
            ]
         ],
         [
            [
               5,
               4
            ],
            [
               6,
               3
            ],
            [
               8,
               1
            ],
            [
               7,
               2
            ]
         ]
      ],
      "_extras": {
         "runner": "github-action"
      }
   },
   "milp-model-1_HiGHS": {
      "time": 0.01298975944519043,
      "optimal": true,
      "obj": 1,
      "sol": [
         [
            [
               2,
               1
            ],
            [
               8,
               3
            ],
            [
               7,
               4
            ],
            [
               6,
               5
            ]
         ],
         [
            [
               8,
               5
            ],
            [
               2,
               4
            ],
            [
               7,
               6
            ],
            [
               1,
               3
            ]
         ],
         [
            [
               4,
               1
            ],
            [
               2,
               6
            ],
            [
               3,
               5
            ],
            [
               8,
               7
            ]
         ],
         [
            [
               3,
               7
            ],
            [
               1,
               5
            ],
            [
               2,
               8
            ],
            [
               4,
               6
            ]
         ],
         [
            [
               3,
               2
            ],
            [
               5,
               7
            ],
            [
               6,
               1
            ],
            [
               4,
               8
            ]
         ],
         [
            [
               6,
               8
            ],
            [
               1,
               7
            ],
            [
               4,
               3
            ],
            [
               5,
               2
            ]
         ],
         [
            [
               5,
               4
            ],
            [
               6,
               3
            ],
            [
               8,
               1
            ],
            [
               7,
               2
            ]
         ]
      ],
      "_extras": {
         "runner": "github-action"
      }
   }
}