{
   "milp-model-1_CBC": {
      "time": 0.049901723861694336,
      "optimal": true,
      "obj": 1,
      "sol": [
         [
            [
               2,
               1
            ],
            [
               7,
               6
            ],
            [
               3,
               5
            ],
            [
               2,
               8
            ],
            [
               4,
               8
            ],
            [
               1,
               7
            ],
            [
               5,
               4
            ]
         ],
         [
            [
               8,
               3
            ],
            [
               1,
               3
            ],
            [
               2,
               6
            ],
            [
               4,
               6
            ],
            [
               5,
               7
            ],
            [
               5,
               2
            ],
            [
               8,
               1
            ]
         ],
         [
            [
               7,
               4
            ],
            [
               2,
               4
            ],
            [
               8,
               7
            ],
            [
               1,
               5
            ],
            [
               3,
               2
            ],
            [
               6,
               8
            ],
            [
               6,
               3
            ]
         ],
         [
            [
               6,
               5
            ],
            [
               8,
               5
            ],
            [
               4,
               1
            ],
            [
               3,
               7
            ],
            [
               6,
               1
            ],
            [
               4,
               3
            ],
            [
               7,
               2
            ]
         ]
      ],
      "_extras": {
         "runner": "github-action"
      }
   },
   "milp-model-2_CBC": {
      "time": 0.01845073699951172,
      "optimal": true,
      "obj": 1,
      "sol": [
         [
            [
               6,
               5
            ],
            [
               2,
               4
            ],
            [
               4,
               1
            ],
            [
               3,
               7
            ],
            [
               5,
               7
            ],
            [
               6,
               8
            ],
            [
               8,
               1
            ]
         ],
         [
            [
               7,
               4
            ],
            [
               8,
               5
            ],
            [
               3,
               5
            ],
            [
               2,
               8
            ],
            [
               6,
               1
            ],
            [
               4,
               3
            ],
            [
               7,
               2
            ]
         ],
         [
            [
               2,
               1
            ],
            [
               1,
               3
            ],
            [
               8,
               7
            ],
            [
               4,
               6
            ],
            [
               4,
               8
            ],
            [
               5,
               2
            ],
            [
               6,
               3
            ]
         ],
         [
            [
               8,
               3
            ],
            [
               7,
               6
            ],
            [
               2,
               6
            ],
            [
               1,
               5
            ],
            [
               3,
               2
            ],
            [
               1,
               7
            ],
            [
               5,
               4
            ]
         ]
      ],
      "_extras": {
         "runner": "github-action"
      }
   },
   "milp-model-3_CBC": {
      "time": 0.014015674591064453,
      "optimal": true,
      "obj": 1,
      "sol": [
         [
            [
               7,
               4
            ],
            [
               8,
               5
            ],
            [
               4,
               1
            ],
            [
               1,
               5
            ],
            [
               6,
               1
            ],
            [
               5,
               2
            ],
            [
               8,
               1
            ]
         ],
         [
            [
               2,
               1
            ],
            [
               7,
               6
            ],
            [
               2,
               6
            ],
            [
               3,
               7
            ],
            [
               4,
               8
            ],
            [
               1,
               7
            ],
            [
               7,
               2
            ]
         ],
         [
            [
               8,
               3
            ],
            [
               1,
               3
            ],
            [
               8,
               7
            ],
            [
               4,
               6
            ],
            [
               5,
               7
            ],
            [
               4,
               3
            ],
            [
               5,
               4
            ]
         ],
         [
            [
               6,
               5
            ],
            [
               2,
               4
            ],
            [
               3,
               5
            ],
            [
               2,
               8
            ],
            [
               3,
               2
            ],
            [
               6,
               8
            ],
            [
               6,
               3
            ]
         ]
      ],
      "_extras": {
         "runner": "github-action"
      }
   },
   "milp-model-4_CBC": {
      "time": 0.01304173469543457,
      "optimal": true,
      "obj": 1,