{
   "milp-model-1_CBC": {
      "time": 0.022736310958862305,
      "optimal": true,
      "obj": 1,
      "sol": [
         [
            [
               2,
               1
            ],
            [
               7,
               6
            ],
            [
               3,
               5
            ],
            [
               4,
               6
            ],
            [
               4,
               8
            ],
            [
               5,
               2
            ],
            [
               8,
               1
            ]
         ],
         [
            [
               8,
               3
            ],
            [
               8,
               5
            ],
            [
               2,
               6
            ],
            [
               3,
               7
            ],
            [
               6,
               1
            ],
            [
               1,
               7
            ],
            [
               5,
               4
            ]
         ],
         [
            [
               7,
               4
            ],
            [
               2,
               4
            ],
            [
               8,
               7
            ],
            [
               1,
               5
            ],
            [
               3,
               2
            ],
            [
               6,
               8
            ],
            [
               6,
               3
            ]
         ],
         [
            [
               6,
               5
            ],
            [
               1,
               3
            ],
            [
               4,
               1
            ],
            [
               2,
               8
            ],
            [
               5,
               7
            ],
            [
               4,
               3
            ],
            [
               7,
               2
            ]
         ]
      ],
      "_extras": {
         "runner": "github-action"
      }
   },
   "milp-model-2_CBC": {
      "time": 0.05021166801452637,
      "optimal": true,
      "obj": 1,
      "sol": [
         [
            [
               2,
               1
            ],
            [
               2,
               4
            ],
            [
               4,
               1
            ],
            [
               3,
               7
            ],
            [
               5,
               7
            ],
            [
               6,
               8
            ],
            [
               6,
               3
            ]
         ],
         [
            [
               6,
               5
            ],
            [
               1,
               3
            ],
            [
               8,
               7
            ],
            [
               4,
               6
            ],
            [
               3,
               2
            ],
            [
               5,
               2
            ],
            [
               8,
               1
            ]
         ],
         [
            [
               7,
               4
            ],
            [
               8,
               5
            ],
            [
               3,
               5
            ],
            [
               2,
               8
            ],
            [
               6,
               1
            ],
            [
               4,
               3
            ],
            [
               7,
               2
            ]
         ],
         [
            [
               8,
               3
            ],
            [
               7,
               6
            ],
            [
               2,
               6
            ],
            [
               1,
               5
            ],
            [
               4,
               8
            ],
            [
               1,
               7
            ],
            [
               5,
               4
            ]
         ]
      ],
      "_extras": {
         "runner": "github-action"
      }
   },
   "milp-model-3_CBC": {
      "time": 0.04252052307128906,
      "optimal": true,
      "obj": 1,
      "sol": [
         [
            [
               6,
               5
            ],
            [
               7,
               6
            ],
            [
               4,
               1
            ],
            [
               3,
               7
            ],
            [
               3,
               2
            ],
            [
               5,
               2
            ],
            [
               8,
               1
            ]
         ],
         [
            [
               7,
               4
            ],
            [
               1,
               3
            ],
            [
               2,
               6
            ],
            [
               1,
               5
            ],
            [
               4,
               8
            ],
            [
               6,
               8
            ],
            [
               7,
               2
            ]
         ],
         [
            [
               8,
               3
            ],
            [
               2,
               4
            ],
            [
               3,
               5
            ],
            [
               2,
               8
            ],
            [
               6,
               1
            ],
            [
               1,
               7
            ],
            [
               5,
               4
            ]
         ],
         [
            [
               2,
               1
            ],
            [
               8,
               5
            ],
            [
               8,
               7
            ],
            [
               4,
               6
            ],
            [
               5,
               7
            ],
            [
               4,
               3
            ],
            [
               6,
               3
            ]
         ]
      ],
      "_extras": {
         "runner": "github-action"
      }
   },
   "milp-model-4_CBC": {
      "time": 0.014292478561401367,
      "optimal": true,
      "obj": 1,