{
   "milp-model-1_CBC": {
      "time": 0.006947368965484202,
      "optimal": true,
      "obj": 1.0,
      "sol": [
         [
            [
               5,
               0
            ],
            [
               1,
               4
            ],
            [
               3,
               2
            ]
         ],
         [
            [
               4,
               3
            ],
            [
               0,
               2
            ],
            [
               1,
               5
            ]
         ],
         [
            [
               1,
               3
            ],
            [
               2,
               5
            ],
            [
               4,
               0
            ]
         ],
         [
            [
               4,
               2
            ],
            [
               5,
               3
            ],
            [
               0,
               1
            ]
         ],
         [
            [
               1,
               2
            ],
            [
               0,
               3
            ],
            [
               5,
               4
            ]
         ]
      ],
      "_extras": {
         "runner": ""
      }
   },
   "milp-model-1_HiGHS": {
      "time": 0.0064923049649223685,
      "optimal": true,
      "obj": 1.0,
      "sol": [
         [
            [
               5,
               0
            ],
            [
               1,
               4
            ],
            [
               3,
               2
            ]
         ],
         [
            [
               4,
               3
            ],
            [
               0,
               2
            ],
            [
               1,
               5
            ]
         ],
         [
            [
               1,
               3
            ],
            [
               2,
               5
            ],
            [
               4,
               0
            ]
         ],
         [
            [
               4,
               2
            ],
            [
               5,
               3
            ],
            [
               0,
               1
            ]
         ],
         [
            [
               1,
               2
            ],
            [
               0,
               3
            ],
            [
               5,
               4
            ]
         ]
      ],
      "_extras": {
         "runner": ""
      }
   }
}