{
   "milp-model-1_CBC": {
      "time": 0.13985406496794894,
      "optimal": true,
      "obj": 1.0,
      "sol": [
         [
            [
               4,
               3
            ],
            [
               6,
               1
            ],
            [
               0,
               7
            ],
            [
               2,
               5
            ]
         ],
         [
            [
               5,
               4
            ],
            [
               0,
               2
            ],
            [
               3,
               6
            ],
            [
               1,
               7
            ]
         ],
         [
            [
               7,
               2
            ],
            [
               1,
               3
            ],
            [
               5,
               6
            ],
            [
               0,
               4
            ]
         ],
         [
            [
               1,
               5
            ],
            [
               0,
               6
            ],
            [
               2,
               4
            ],
            [
               7,
               3
            ]
         ],
         [
            [
               0,
               1
            ],
            [
               4,
               7
            ],
            [
               3,
               5
            ],
            [
               2,
               6
            ]
         ],
         [
            [
               0,
               3
            ],
            [
               5,
               7
            ],
            [
               1,
               2
            ],
            [
               4,
               6
            ]
         ],
         [
            [
               6,
               7
            ],
            [
               3,
               2
            ],
            [
               1,
               4
            ],
            [
               0,
               5
            ]
         ]
      ],
      "_extras": {
         "runner": ""
      }
   },
   "milp-model-1_HiGHS": {
      "time": 0.14417538605630398,
      "optimal": true,
      "obj": 1.0,
      "sol": [
         [
            [
               4,
               3
            ],
            [
               6,
               1
            ],
            [
               0,
               7
            ],
            [
               2,
               5
            ]
         ],
         [
            [
               5,
               4
            ],
            [
               0,
               2
            ],
            [
               3,
               6
            ],
            [
               1,
               7
            ]
         ],
         [
            [
               7,
               2
            ],
            [
               1,
               3
            ],
            [
               5,
               6
            ],
            [
               0,
               4
            ]
         ],
         [
            [
               1,
               5
            ],
            [
               0,
               6
            ],
            [
               2,
               4
            ],
            [
               7,
               3
            ]
         ],
         [
            [
               0,
               1
            ],
            [
               4,
               7
            ],
            [
               3,
               5
            ],
            [
               2,
               6
            ]
         ],
         [
            [
               0,
               3
            ],
            [
               5,
               7
            ],
            [
               1,
               2
            ],
            [
               4,
               6
            ]
         ],
         [
            [
               6,
               7
            ],
            [
               3,
               2
            ],
            [
               1,
               4
            ],
            [
               0,
               5
            ]
         ]
      ],
      "_extras": {
         "runner": ""
      }
   }
}