{
   "round_robin": {
      "time": 304.2947874069214,
      "optimal": null,
      "obj": null,
      "sol": null,
      "_extras": {
         "runner": "github-action"
      }
   },
   "round_robin_bitvec": {
      "time": 52.426164865493774,
      "optimal": false,
      "obj": 15,
      "sol": [
         [
            [
               10,
               7
            ],
            [
               9,
               6
            ],
            [
               16,
               12
            ],
            [
               8,
               3
            ],
            [
               13,
               11
            ],
            [
               14,
               8
            ],
            [
               15,
               5
            ],
            [
               14,
               4
            ],
            [
               13,
               3
            ],
            [
               12,
               2
            ],
            [
               16,
               11
            ],
            [
               1,
               5
            ],
            [
               4,
               1
            ],
            [
               15,
               6
            ],
            [
               10,
               9
            ]
         ],
         [
            [
               12,
               5
            ],
            [
               8,
               7
            ],
            [
               7,
               6
            ],
            [
               9,
               2
            ],
            [
               14,
               10
            ],
            [
               1,
               11
            ],
            [
               3,
               2
            ],
            [
               10,
               8
            ],
            [
               16,
               15
            ],
            [
               16,
               13
            ],
            [
               6,
               1
            ],
            [
               14,
               11
            ],
            [
               5,
               3
            ],
            [
               12,
               9
            ],
            [
               15,
               4
            ]
         ],
         [
            [
               13,
               4
            ],
            [
               10,
               5
            ],
            [
               9,
               4
            ],
            [
               16,
               10
            ],
            [
               16,
               8
            ],
            [
               15,
               7
            ],
            [
               14,
               6
            ],
            [
               1,
               9
            ],
            [
               11,
               5
            ],
            [
               11,
               3
            ],
            [
               15,
               12
            ],
            [
               7,
               3
            ],
            [
               6,
               2
            ],
            [
               13,
               8
            ],
            [
               2,
               1
            ]
         ],
         [
            [
               15,
               2
            ],
            [
               13,
               2
            ],
            [
               14,
               1
            ],
            [
               14,
               12
            ],
            [
               15,
               9
            ],
            [
               4,
               3
            ],
            [
               12,
               8
            ],
            [
               11,
               7
            ],
            [
               10,
               6
            ],
            [
               1,
               7
            ],
            [
               9,
               3
            ],
            [
               6,
               4
            ],
            [
               13,
               10
            ],
            [
               16,
               5
            ],
            [
               11,
               8
            ]
         ],
         [
            [
               9,
               8
            ],
            [
               1,
               15
            ],
            [
               11,
               2
            ],
            [
               6,
               5
            ],
            [
               12,
               1
            ],
            [
               16,
               6
            ],
            [
               13,
               7
            ],
            [
               15,
               3
            ],
            [
               14,
               2
            ],
            [
               10,
               4
            ],
            [
               8,
               4
            ],
            [
               13,
               12
            ],
            [
               16,
               7
            ],
            [
               11,
               10
            ],
            [
               14,
               5
            ]
         ],
         [
            [
               11,
               6
            ],
            [
               12,
               3
            ],
            [
               8,
               5
            ],
            [
               7,
               4
            ],
            [
               7,
               2
            ],
            [
               12,
               10
            ],
            [
               16,
               4
            ],
            [
               16,
               2
            ],
            [
               8,
               1
            ],
            [
               9,
               5
            ],
            [
               14,
               13
            ],
            [
               15,
               10
            ],
            [
               14,
               9
            ],
            [
               1,
               3
            ],
            [
               13,
               6
            ]
         ],
         [
            [
               16,
               1
            ],
            [
               11,
               4
            ],
            [
               10,
               3
            ],
            [
               1,
               13
            ],
            [
               6,
               3
            ],
            [
               5,
               2
            ],
            [
               11,
               9
            ],
            [
               13,
               5
            ],
            [
               12,
               4
            ],
            [
               15,
               14
            ],
            [
               10,
               2
            ],
            [
               16,
               9
            ],
            [
               15,
               8
            ],
            [
               14,
               7
            ],
            [
               12,
               7
            ]
         ],
         [
            [
               14,
               3
            ],
            [
               16,
               14
            ],
            [
               15,
               13
            ],
            [
               15,
               11
            ],
            [
               5,
               4
            ],
            [
               13,
               9
            ],
            [
               10,
               1
            ],
            [
               12,
               6
            ],
            [
               9,
               7
            ],
            [
               8,
               6
            ],
            [
               7,
               5
            ],
