{
   "round_robin": {
      "time": 0.3235342502593994,
      "optimal": false,
      "obj": 7,
      "sol": [
         [
            [
               7,
               2
            ],
            [
               5,
               2
            ],
            [
               7,
               5
            ],
            [
               6,
               4
            ],
            [
               4,
               1
            ],
            [
               1,
               3
            ],
            [
               8,
               3
            ]
         ],
         [
            [
               6,
               3
            ],
            [
               1,
               7
            ],
            [
               8,
               4
            ],
            [
               8,
               2
            ],
            [
               5,
               3
            ],
            [
               4,
               2
            ],
            [
               6,
               5
            ]
         ],
         [
            [
               8,
               1
            ],
            [
               4,
               3
            ],
            [
               6,
               1
            ],
            [
               7,
               3
            ],
            [
               6,
               2
            ],
            [
               8,
               5
            ],
            [
               7,
               4
            ]
         ],
         [
            [
               5,
               4
            ],
            [
               8,
               6
            ],
            [
               3,
               2
            ],
            [
               1,
               5
            ],
            [
               8,
               7
            ],
            [
               7,
               6
            ],
            [
               2,
               1
            ]
         ]
      ],
      "_extras": {
         "runner": "github-action"
      }
   },
   "round_robin_bitvec": {
      "time": 0.34437084197998047,
      "optimal": false,
      "obj": 7,
      "sol": [
         [
            [
               6,
               3
            ],
            [
               4,
               3
            ],
            [
               7,
               5
            ],
            [
               6,
               4
            ],
            [
               8,
               7
            ],
            [
               8,
               5
            ],
            [
               2,
               1
            ]
         ],
         [
            [
               7,
               2
            ],
            [
               8,
               6
            ],
            [
               6,
               1
            ],
            [
               1,
               5
            ],
            [
               5,
               3
            ],
            [
               4,
               2
            ],
            [
               8,
               3
            ]
         ],
         [
            [
               5,
               4
            ],
            [
               1,
               7
            ],
            [
               3,
               2
            ],
            [
               8,
               2
            ],
            [
               4,
               1
            ],
            [
               7,
               6
            ],
            [
               6,
               5
            ]
         ],
         [
            [
               8,
               1
            ],
            [
               5,
               2
            ],
            [
               8,
               4
            ],
            [
               7,
               3
            ],
            [
               6,
               2
            ],
            [
               1,
               3
            ],
            [
               7,
               4
            ]
         ]
      ],
      "_extras": {
         "runner": "github-action"
      }
   }
}