{
   "naive": {
      "time": 3.2194888591766357,
      "optimal": false,
      "obj": null,
      "sol": [
         [
            [
               4,
               1
            ],
            [
               1,
               5
            ],
            [
               6,
               5
            ],
            [
               3,
               6
            ],
            [
               4,
               7
            ],
            [
               2,
               3
            ],
            [
               7,
               8
            ]
         ],
         [
            [
               2,
               6
            ],
            [
               4,
               3
            ],
            [
               8,
               3
            ],
            [
               7,
               5
            ],
            [
               6,
               1
            ],
            [
               1,
               8
            ],
            [
               2,
               5
            ]
         ],
         [
            [
               7,
               3
            ],
            [
               6,
               8
            ],
            [
               7,
               1
            ],
            [
               1,
               2
            ],
            [
               8,
               2
            ],
            [
               4,
               5
            ],
            [
               6,
               4
            ]
         ],
         [
            [
               5,
               8
            ],
            [
               2,
               7
            ],
            [
               4,
               2
            ],
            [
               8,
               4
            ],
            [
               5,
               3
            ],
            [
               7,
               6
            ],
            [
               3,
               1
            ]
         ]
      ],
      "_extras": {
         "runner": "github-action"
      }
   },
   "naive incremental": {
      "time": 8.81975245475769,
      "optimal": false,
      "obj": null,
      "sol": [
         [
            [
               8,
               2
            ],
            [
               7,
               5
            ],
            [
               3,
               1
            ],
            [
               1,
               5
            ],
            [
               4,
               6
            ],
            [
               7,
               2
            ],
            [
               4,
               8
            ]
         ],
         [
            [
               6,
               5
            ],
            [
               3,
               2
            ],
            [
               7,
               4
            ],
            [
               4,
               2
            ],
            [
               1,
               8
            ],
            [
               6,
               1
            ],
            [
               3,
               5
            ]
         ],
         [
            [
               3,
               4
            ],
            [
               6,
               8
            ],
            [
               2,
               6
            ],
            [
               7,
               8
            ],
            [
               3,
               7
            ],
            [
               5,
               4
            ],
            [
               1,
               2
            ]
         ],
         [
            [
               7,
               1
            ],
            [
               4,
               1
            ],
            [
               5,
               8
            ],
            [
               3,
               6
            ],
            [
               5,
               2
            ],
            [
               8,
               3
            ],
            [
               7,
               6
            ]
         ]
      ],
      "_extras": {
         "runner": "github-action"
      }
   },
   "bitvec": {
      "time": 6.3475775718688965,
      "optimal": false,
      "obj": null,
      "sol": [
         [
            [
               5,
               3
            ],
            [
               2,
               6
            ],
            [
               7,
               3
            ],
            [
               4,
               2
            ],
            [
               5,
               1
            ],
            [
               6,
               8
            ],
            [
               7,
               8
            ]
         ],
         [
            [
               6,
               1
            ],
            [
               7,
               5
            ],
            [
               6,
               4
            ],
            [
               8,
               5
            ],
            [
               4,
               8
            ],
            [
               2,
               3
            ],
            [
               1,
               2
            ]
         ],
         [
            [
               8,
               2
            ],
            [
               4,
               1
            ],
            [
               2,
               5
            ],
            [
               6,
               7
            ],
            [
               6,
               3
            ],
            [
               1,
               7
            ],
            [
               4,
               3
            ]
         ],
         [
            [
               7,
               4
            ],
            [
               8,
               3
            ],
            [
               8,
               1
            ],
            [
               3,
               1
            ],
            [
               7,
               2
            ],
            [
               5,
               4
            ],
            [
               5,
               6
            ]
         ]
      ],
      "_extras": {
         "runner": "github-action"
      }
   },
   "bitvec incremental": {
      "time": 6.156921625137329,
      "optimal": false,
      "obj": null,