{
   "round_robin": {
      "time": 0.31182384490966797,
      "optimal": true,
      "obj": 1,
      "sol": [
         [
            [
               8,
               1
            ],
            [
               5,
               2
            ],
            [
               6,
               1
            ],
            [
               3,
               7
            ],
            [
               3,
               5
            ],
            [
               2,
               4
            ],
            [
               7,
               4
            ]
         ],
         [
            [
               5,
               4
            ],
            [
               1,
               7
            ],
            [
               3,
               2
            ],
            [
               4,
               6
            ],
            [
               2,
               6
            ],
            [
               8,
               5
            ],
            [
               8,
               3
            ]
         ],
         [
            [
               7,
               2
            ],
            [
               6,
               8
            ],
            [
               5,
               7
            ],
            [
               2,
               8
            ],
            [
               4,
               1
            ],
            [
               1,
               3
            ],
            [
               6,
               5
            ]
         ],
         [
            [
               6,
               3
            ],
            [
               4,
               3
            ],
            [
               4,
               8
            ],
            [
               1,
               5
            ],
            [
               8,
               7
            ],
            [
               7,
               6
            ],
            [
               2,
               1
            ]
         ]
      ],
      "_extras": {
         "runner": "github-action"
      }
   },
   "round_robin_symm": {
      "time": 0.31290698051452637,
      "optimal": true,
      "obj": 1,
      "sol": [
         [
            [
               8,
               1
            ],
            [
               4,
               3
            ],
            [
               6,
               1
            ],
            [
               3,
               7
            ],
            [
               8,
               7
            ],
            [
               2,
               4
            ],
            [
               6,
               5
            ]
         ],
         [
            [
               7,
               2
            ],
            [
               6,
               8
            ],
            [
               4,
               8
            ],
            [
               1,
               5
            ],
            [
               3,
               5
            ],
            [
               7,
               6
            ],
            [
               2,
               1
            ]
         ],
         [
            [
               6,
               3
            ],
            [
               5,
               2
            ],
            [
               5,
               7
            ],
            [
               2,
               8
            ],
            [
               4,
               1
            ],
            [
               1,
               3
            ],
            [
               7,
               4
            ]
         ],
         [
            [
               5,
               4
            ],
            [
               1,
               7
            ],
            [
               3,
               2
            ],
            [
               4,
               6
            ],
            [
               2,
               6
            ],
            [
               8,
               5
            ],
            [
               8,
               3
            ]
         ]
      ],
      "_extras": {
         "runner": "github-action"
      }
   },
   "round_robin_bitvec": {
      "time": 0.3203575611114502,
      "optimal": true,
      "obj": 1,
      "sol": [
         [
            [
               8,
               1
            ],
            [
               4,
               3
            ],
            [
               3,
               2
            ],
            [
               1,
               5
            ],
            [
               2,
               6
            ],
            [
               8,
               5
            ],
            [
               7,
               4
            ]
         ],
         [
            [
               5,
               4
            ],
            [
               1,
               7
            ],
            [
               6,
               1
            ],
            [
               2,
               8
            ],
            [
               3,
               5
            ],
            [
               7,
               6
            ],
            [
               8,
               3
            ]
         ],
         [
            [
               6,
               3
            ],
            [
               6,
               8
            ],
            [
               5,
               7
            ],
            [
               3,
               7
            ],
            [
               4,
               1
            ],
            [
               2,
               4
            ],
            [
               2,
               1
            ]
         ],
         [
            [
               7,
               2
            ],
            [
               5,
               2
            ],
            [
               4,
               8
            ],
            [
               4,
               6
            ],
            [
               8,
               7
            ],
            [
               1,
               3
            ],
            [
               6,
               5
            ]
         ]
      ],
      "_extras": {
         "runner": "github-action"
      }
   },
   "round_robin_bitvec_symm": {
      "time": 0.3120079040527344,
      "optimal": true,
      "obj": 1,