{
   "naive": {
      "time": 10.935105800628662,
      "optimal": false,
      "obj": null,
      "sol": [
         [
            [
               4,
               6
            ],
            [
               5,
               8
            ],
            [
               8,
               6
            ],
            [
               4,
               2
            ],
            [
               2,
               1
            ],
            [
               7,
               3
            ],
            [
               5,
               7
            ]
         ],
         [
            [
               2,
               5
            ],
            [
               7,
               4
            ],
            [
               1,
               5
            ],
            [
               3,
               1
            ],
            [
               4,
               8
            ],
            [
               2,
               6
            ],
            [
               3,
               6
            ]
         ],
         [
            [
               3,
               8
            ],
            [
               2,
               3
            ],
            [
               7,
               2
            ],
            [
               6,
               5
            ],
            [
               6,
               7
            ],
            [
               1,
               8
            ],
            [
               1,
               4
            ]
         ],
         [
            [
               1,
               7
            ],
            [
               6,
               1
            ],
            [
               4,
               3
            ],
            [
               7,
               8
            ],
            [
               3,
               5
            ],
            [
               4,
               5
            ],
            [
               8,
               2
            ]
         ]
      ],
      "_extras": {
         "runner": "github-action"
      }
   },
   "naive incremental": {
      "time": 4.781149625778198,
      "optimal": false,
      "obj": null,
      "sol": [
         [
            [
               2,
               3
            ],
            [
               3,
               1
            ],
            [
               2,
               4
            ],
            [
               7,
               8
            ],
            [
               6,
               1
            ],
            [
               5,
               8
            ],
            [
               5,
               7
            ]
         ],
         [
            [
               7,
               1
            ],
            [
               8,
               4
            ],
            [
               8,
               3
            ],
            [
               2,
               5
            ],
            [
               5,
               3
            ],
            [
               4,
               6
            ],
            [
               2,
               6
            ]
         ],
         [
            [
               5,
               4
            ],
            [
               6,
               5
            ],
            [
               6,
               7
            ],
            [
               4,
               1
            ],
            [
               2,
               8
            ],
            [
               3,
               7
            ],
            [
               8,
               1
            ]
         ],
         [
            [
               8,
               6
            ],
            [
               2,
               7
            ],
            [
               5,
               1
            ],
            [
               6,
               3
            ],
            [
               7,
               4
            ],
            [
               1,
               2
            ],
            [
               4,
               3
            ]
         ]
      ],
      "_extras": {
         "runner": "github-action"
      }
   }
}