{
   "round_robin": {
      "time": 0.3551769256591797,
      "optimal": true,
      "obj": 1,
      "sol": [
         [
            [
               6,
               3
            ],
            [
               5,
               2
            ],
            [
               6,
               1
            ],
            [
               2,
               8
            ],
            [
               8,
               7
            ],
            [
               1,
               3
            ],
            [
               7,
               4
            ]
         ],
         [
            [
               5,
               4
            ],
            [
               1,
               7
            ],
            [
               3,
               2
            ],
            [
               4,
               6
            ],
            [
               2,
               6
            ],
            [
               8,
               5
            ],
            [
               8,
               3
            ]
         ],
         [
            [
               7,
               2
            ],
            [
               4,
               3
            ],
            [
               4,
               8
            ],
            [
               1,
               5
            ],
            [
               3,
               5
            ],
            [
               7,
               6
            ],
            [
               2,
               1
            ]
         ],
         [
            [
               8,
               1
            ],
            [
               6,
               8
            ],
            [
               5,
               7
            ],
            [
               3,
               7
            ],
            [
               4,
               1
            ],
            [
               2,
               4
            ],
            [
               6,
               5
            ]
         ]
      ],
      "_extras": {
         "runner": "github-action"
      }
   },
   "round_robin_bitvec": {
      "time": 0.29624223709106445,
      "optimal": true,
      "obj": 1,
      "sol": [
         [
            [
               6,
               3
            ],
            [
               1,
               7
            ],
            [
               5,
               7
            ],
            [
               1,
               5
            ],
            [
               2,
               6
            ],
            [
               2,
               4
            ],
            [
               8,
               3
            ]
         ],
         [
            [
               8,
               1
            ],
            [
               5,
               2
            ],
            [
               4,
               8
            ],
            [
               3,
               7
            ],
            [
               4,
               1
            ],
            [
               7,
               6
            ],
            [
               6,
               5
            ]
         ],
         [
            [
               5,
               4
            ],
            [
               6,
               8
            ],
            [
               3,
               2
            ],
            [
               4,
               6
            ],
            [
               8,
               7
            ],
            [
               1,
               3
            ],
            [
               2,
               1
            ]
         ],
         [
            [
               7,
               2
            ],
            [
               4,
               3
            ],
            [
               6,
               1
            ],
            [
               2,
               8
            ],
            [
               3,
               5
            ],
            [
               8,
               5
            ],
            [
               7,
               4
            ]
         ]
      ],
      "_extras": {
         "runner": "github-action"
      }
   }
}